<xml xmlns="http://www.w3.org/1999/xhtml">
  <tab name="Init" type="InitTab" active="false" scrollx="326.3392770027351" scrolly="615.9296875" scale="1"></tab>
  <tab name="Main" type="MainTab" active="true" scrollx="293.71113708493874" scrolly="2123.3376175526514" scale="0.7462153966366275">
    <block type="setHTMLElemStyle" id="zh3UkgDW0(UTM=@:[Zbw" x="-350" y="-2410">
      <field name="PROPERTY">display</field>
      <field name="PARENT">TRUE</field>
      <value name="VALUE">
        <block type="text" id="+95Ic?y=;dj^r{.)VEnn">
          <field name="TEXT">none</field>
        </block>
      </value>
      <value name="ID">
        <block type="text" id="#dhoa!?.yOuR6.::Jzs1">
          <field name="TEXT">div-btn</field>
        </block>
      </value>
    </block>
  </tab>
  <editorsettings width="700" height="778"></editorsettings>
</xml>