<xml xmlns="http://www.w3.org/1999/xhtml">
  <tab name="Init" type="InitTab" active="false" scrollx="180.28309119933488" scrolly="597.7755106156435" scale="0.8227024747918819">
    <block type="initPreloader" id="2}JM7-fZWcZD)27}0*j|" x="-270" y="-410">
      <statement name="DO_END">
        <block type="setHTMLElemStyle" id="z=~54Z8$a/Q71@V*p8GC">
          <field name="PROPERTY">display</field>
          <field name="PARENT">TRUE</field>
          <value name="VALUE">
            <block type="text" id="MiY$WTBaS}U}@X@5##3H">
              <field name="TEXT">inline</field>
            </block>
          </value>
          <value name="ID">
            <block type="text" id="jU+H|:eNm@(-Zs,^TrI.">
              <field name="TEXT">div-btn</field>
            </block>
          </value>
        </block>
      </statement>
    </block>
  </tab>
  <tab name="Main" type="MainTab" active="true" scrollx="346.2578430175781" scrolly="962.4191284179688" scale="1">
    <block type="whenClicked" id="YR_Q]#~Pgq+o8;u6/UQA" x="-290" y="-710">
      <mutation enableifmissed="false"></mutation>
      <value name="VALUE">
        <block type="objectList" id="2G4)qzI.;8kiwLeiHb{F">
          <field name="FIELDNAME">Sphere</field>
        </block>
      </value>
      <statement name="DO">
        <block type="callJSFunction" id="tnCiNleW%/2g!UO64+yI">
          <mutation name="load_alert"></mutation>
          <field name="NAME">load_alert</field>
        </block>
      </statement>
    </block>
  </tab>
  <editorsettings width="700" height="778"></editorsettings>
</xml>